统一社会信用代码,年度,单位名称,宗旨和业务范围,住所,法定代表人,开办资金,经费来源,举办单位,年初数,年末数,网上名称,从业人数,对《条例》和实施细则有关变更登记规定的执行情况,开展业务活动情况,相关资质认可或执业许可证明及有效期,绩效和受奖惩及诉讼投诉情况,接受捐赠资助及使用情况,省,市,县
统一社会信用代码,年度,单位名称,宗旨和业务范围,住所,法定代表人,开办资金,经费来源,举办单位,年初数,年末数,网上名称,从业人数,对《条例》和实施细则有关变更登记规定的执行情况,开展业务活动情况,相关资质认可或执业许可证明及有效期,绩效和受奖惩及诉讼投诉情况,接受捐赠资助及使用情况,省,市,县
统一社会信用代码,年度,单位名称,宗旨和业务范围,住所,法定代表人,开办资金,经费来源,举办单位,年初数,年末数,网上名称,从业人数,对《条例》和实施细则有关变更登记规定的执行情况,开展业务活动情况,相关资质认可或执业许可证明及有效期,绩效和受奖惩及诉讼投诉情况,接受捐赠资助及使用情况,省,市,县
统一社会信用代码,年度,单位名称,宗旨和业务范围,住所,法定代表人,开办资金,经费来源,举办单位,年初数,年末数,网上名称,从业人数,对《条例》和实施细则有关变更登记规定的执行情况,开展业务活动情况,相关资质认可或执业许可证明及有效期,绩效和受奖惩及诉讼投诉情况,接受捐赠资助及使用情况,省,市,县
统一社会信用代码,年度,单位名称,宗旨和业务范围,住所,法定代表人,开办资金,经费来源,举办单位,年初数,年末数,网上名称,从业人数,对《条例》和实施细则有关变更登记规定的执行情况,开展业务活动情况,相关资质认可或执业许可证明及有效期,绩效和受奖惩及诉讼投诉情况,接受捐赠资助及使用情况,省,市,县
统一社会信用代码,年度,单位名称,宗旨和业务范围,住所,法定代表人,开办资金,经费来源,举办单位,年初数,年末数,网上名称,从业人数,对《条例》和实施细则有关变更登记规定的执行情况,开展业务活动情况,相关资质认可或执业许可证明及有效期,绩效和受奖惩及诉讼投诉情况,接受捐赠资助及使用情况,省,市,县
统一社会信用代码,年度,单位名称,宗旨和业务范围,住所,法定代表人,开办资金,经费来源,举办单位,年初数,年末数,网上名称,从业人数,对《条例》和实施细则有关变更登记规定的执行情况,开展业务活动情况,相关资质认可或执业许可证明及有效期,绩效和受奖惩及诉讼投诉情况,接受捐赠资助及使用情况,省,市,县
统一社会信用代码,年度,单位名称,宗旨和业务范围,住所,法定代表人,开办资金,经费来源,举办单位,年初数,年末数,网上名称,从业人数,对《条例》和实施细则有关变更登记规定的执行情况,开展业务活动情况,相关资质认可或执业许可证明及有效期,绩效和受奖惩及诉讼投诉情况,接受捐赠资助及使用情况,省,市,县
统一社会信用代码,年度,单位名称,宗旨和业务范围,住所,法定代表人,开办资金,经费来源,举办单位,年初数,年末数,网上名称,从业人数,对《条例》和实施细则有关变更登记规定的执行情况,开展业务活动情况,相关资质认可或执业许可证明及有效期,绩效和受奖惩及诉讼投诉情况,接受捐赠资助及使用情况,省,市,县
统一社会信用代码,年度,单位名称,宗旨和业务范围,住所,法定代表人,开办资金,经费来源,举办单位,年初数,年末数,网上名称,从业人数,对《条例》和实施细则有关变更登记规定的执行情况,开展业务活动情况,相关资质认可或执业许可证明及有效期,绩效和受奖惩及诉讼投诉情况,接受捐赠资助及使用情况,省,市,县
统一社会信用代码,年度,单位名称,宗旨和业务范围,住所,法定代表人,开办资金,经费来源,举办单位,年初数,年末数,网上名称,从业人数,对《条例》和实施细则有关变更登记规定的执行情况,开展业务活动情况,相关资质认可或执业许可证明及有效期,绩效和受奖惩及诉讼投诉情况,接受捐赠资助及使用情况,省,市,县
统一社会信用代码,年度,单位名称,宗旨和业务范围,住所,法定代表人,开办资金,经费来源,举办单位,年初数,年末数,网上名称,从业人数,对《条例》和实施细则有关变更登记规定的执行情况,开展业务活动情况,相关资质认可或执业许可证明及有效期,绩效和受奖惩及诉讼投诉情况,接受捐赠资助及使用情况,省,市,县
统一社会信用代码,年度,单位名称,宗旨和业务范围,住所,法定代表人,开办资金,经费来源,举办单位,年初数,年末数,网上名称,从业人数,对《条例》和实施细则有关变更登记规定的执行情况,开展业务活动情况,相关资质认可或执业许可证明及有效期,绩效和受奖惩及诉讼投诉情况,接受捐赠资助及使用情况,省,市,县
统一社会信用代码,年度,单位名称,宗旨和业务范围,住所,法定代表人,开办资金,经费来源,举办单位,年初数,年末数,网上名称,从业人数,对《条例》和实施细则有关变更登记规定的执行情况,开展业务活动情况,相关资质认可或执业许可证明及有效期,绩效和受奖惩及诉讼投诉情况,接受捐赠资助及使用情况,省,市,县
统一社会信用代码,年度,单位名称,宗旨和业务范围,住所,法定代表人,开办资金,经费来源,举办单位,年初数,年末数,网上名称,从业人数,对《条例》和实施细则有关变更登记规定的执行情况,开展业务活动情况,相关资质认可或执业许可证明及有效期,绩效和受奖惩及诉讼投诉情况,接受捐赠资助及使用情况,省,市,县
统一社会信用代码,年度,单位名称,宗旨和业务范围,住所,法定代表人,开办资金,经费来源,举办单位,年初数,年末数,网上名称,从业人数,对《条例》和实施细则有关变更登记规定的执行情况,开展业务活动情况,相关资质认可或执业许可证明及有效期,绩效和受奖惩及诉讼投诉情况,接受捐赠资助及使用情况,省,市,县
统一社会信用代码,年度,单位名称,宗旨和业务范围,住所,法定代表人,开办资金,经费来源,举办单位,年初数,年末数,网上名称,从业人数,对《条例》和实施细则有关变更登记规定的执行情况,开展业务活动情况,相关资质认可或执业许可证明及有效期,绩效和受奖惩及诉讼投诉情况,接受捐赠资助及使用情况,省,市,县
统一社会信用代码,年度,单位名称,宗旨和业务范围,住所,法定代表人,开办资金,经费来源,举办单位,年初数,年末数,网上名称,从业人数,对《条例》和实施细则有关变更登记规定的执行情况,开展业务活动情况,相关资质认可或执业许可证明及有效期,绩效和受奖惩及诉讼投诉情况,接受捐赠资助及使用情况,省,市,县
